Distance,Speed,Throttle,Brake,RPM,nGear,ElapsedSec
16.72972222222222,263.0,100.0,False,11641.0,6,0.0
28.5075,265.0,100.0,False,11773.0,6,0.16
55.207499999999996,267.0,100.0,False,11816.0,6,0.52
67.07416666666667,267.0,97.0,False,11429.0,6,0.68
81.46305555555556,259.0,0.0,True,11313.0,6,0.88
96.99638888888889,233.0,0.0,True,10540.0,6,1.12
108.77416666666666,212.0,0.0,True,11112.0,6,1.32
117.84083333333334,204.0,0.0,True,11855.0,6,1.48
134.64083333333332,168.0,0.0,True,11423.0,4,1.84
143.1963888888889,154.0,0.0,True,10852.0,3,2.04
152.72972222222222,143.0,0.0,True,11683.0,3,2.28
163.98333333333332,127.0,0.0,True,10737.0,2,2.599
170.59444444444443,119.0,0.0,True,9868.0,2,2.799
175.6611111111111,114.0,0.0,True,9620.0,2,2.959
181.7722222222222,110.0,0.0,False,9402.0,2,3.159
190.17222222222222,108.0,1.0,False,9293.0,2,3.439
198.49444444444444,107.0,20.0,False,9321.0,2,3.719
205.69444444444443,108.0,30.0,False,9706.0,2,3.959
214.5611111111111,114.0,53.0,False,10118.0,2,4.239
221.28333333333333,121.0,62.0,False,10718.0,2,4.439
233.19444444444446,134.0,72.0,False,11747.0,2,4.759
239.59444444444443,144.0,92.0,False,11047.0,2,4.919
246.17222222222222,148.0,92.0,False,11445.0,3,5.079
255.0611111111111,160.0,100.0,False,11325.0,3,5.279
266.5755555555555,172.0,100.0,False,11145.0,3,5.52
278.70888888888885,182.0,100.0,False,10535.0,4,5.76
295.9533333333333,194.0,100.0,False,11639.0,4,6.08
309.35333333333335,201.0,100.0,False,11128.0,4,6.32
325.5311111111111,208.0,100.0,False,10741.0,5,6.6
339.9977777777778,217.0,100.0,False,11096.0,5,6.84
352.44222222222226,224.0,100.0,False,11339.0,5,7.04
375.5422222222222,231.0,100.0,False,10433.0,5,7.4
385.9866666666667,235.0,100.0,False,10507.0,6,7.56
404.57555555555564,239.0,100.0,False,10733.0,6,7.84
415.28666666666663,241.0,100.0,False,10775.0,6,8.0
434.4200000000001,246.0,100.0,False,10999.0,6,8.28
451.0200000000001,249.0,100.0,False,11046.0,6,8.52
462.17555555555566,251.0,100.0,False,11178.0,6,8.68
476.23111111111115,253.0,100.0,False,11251.0,6,8.88
495.99361111111114,255.0,100.0,False,11328.0,6,9.159
521.593611111111,256.0,100.0,False,11420.0,6,9.519
550.4825,260.0,100.0,False,11564.0,6,9.919
562.0825,261.0,100.0,False,11580.0,6,10.079
573.6380555555555,260.0,100.0,False,11619.0,6,10.239
593.7047222222221,258.0,0.0,False,11566.0,6,10.519
615.5713888888888,246.0,0.0,True,10757.0,6,10.839
631.4380555555555,238.0,0.0,True,11076.0,6,11.079
646.3047222222222,223.0,0.0,True,11221.0,5,11.319
660.5047222222222,213.0,0.0,True,11066.0,5,11.559
672.0047222222222,207.0,0.0,True,11601.0,4,11.759
684.7380555555555,191.0,0.0,True,11305.0,4,11.999
694.9555555555555,183.0,0.0,True,10489.0,4,12.2
711.8555555555555,169.0,0.0,True,11106.0,4,12.56
734.3888888888888,156.0,0.0,False,10678.0,3,13.08
741.2333333333332,154.0,0.0,False,10506.0,3,13.24
755.9333333333333,147.0,8.0,False,10361.0,3,13.6
764.0444444444444,146.0,17.0,False,10183.0,3,13.8
775.2444444444443,144.0,26.0,False,10149.0,3,14.08
793.0888888888888,146.0,44.0,False,10370.0,3,14.52
804.5999999999999,148.0,47.0,False,10645.0,3,14.8
812.9888888888888,151.0,46.0,False,10688.0,3,15.0
821.4888888888888,153.0,47.0,False,10805.0,3,15.2
834.4666666666666,146.0,0.0,True,10150.0,3,15.52
843.8,140.0,0.0,True,9469.0,3,15.76
854.185,134.0,0.0,False,9255.0,3,16.039
861.4627777777777,131.0,0.0,False,9104.0,3,16.239
870.0627777777776,129.0,5.0,False,9242.0,3,16.479
878.596111111111,128.0,26.0,False,9051.0,3,16.719
888.6294444444444,129.0,41.0,False,9291.0,3,16.999
894.4516666666666,131.0,44.0,False,9376.0,3,17.159
903.5183333333332,136.0,53.0,False,9758.0,3,17.399
911.3516666666665,141.0,60.0,False,10285.0,3,17.599
919.5183333333331,147.0,61.0,False,10451.0,3,17.799
939.807222222222,166.0,80.0,False,11927.0,3,18.239
960.4141666666665,185.0,100.0,False,10967.0,4,18.64
973.2141666666665,192.0,99.0,False,11513.0,4,18.88
982.1030555555552,200.0,87.0,False,11785.0,4,19.04
991.1697222222219,204.0,89.0,False,10665.0,4,19.2
1017.0363888888886,194.0,0.0,True,9415.0,5,19.68
1034.9252777777776,161.0,0.0,True,11095.0,5,20.08
1050.4474999999998,127.0,0.0,True,11119.0,2,20.52
1062.1141666666665,105.0,0.0,True,11336.0,2,20.92
1070.4697222222221,94.0,0.0,True,10425.0,1,21.24
1078.2030555555555,87.0,0.0,True,9396.0,1,21.56
1081.8474999999999,82.0,0.0,True,9148.0,1,21.72
1085.4919444444442,82.0,0.0,True,8762.0,1,21.88
1090.6919444444443,78.0,0.0,True,8605.0,1,22.12
1095.6919444444443,75.0,0.0,False,8445.0,1,22.36
1103.7827777777777,73.0,0.0,False,8197.0,1,22.759
1107.8383333333331,73.0,7.0,False,8571.0,1,22.959
1112.0049999999999,75.0,17.0,False,8899.0,1,23.159
1116.3383333333331,78.0,25.0,False,9119.0,1,23.359
1123.027222222222,86.0,42.0,False,9915.0,1,23.639
1128.138333333333,92.0,46.0,False,10683.0,1,23.839
1132.4049999999997,96.0,48.0,False,10821.0,1,23.999
1138.127222222222,103.0,52.0,False,11504.0,1,24.199
1147.0716666666663,115.0,61.0,False,10135.0,1,24.479
1160.2716666666663,132.0,63.0,False,11265.0,2,24.839
1166.1827777777773,133.0,0.0,True,10831.0,2,24.999
1174.0822222222218,118.0,0.0,True,10479.0,2,25.24
1181.0155555555552,104.0,0.0,True,11445.0,2,25.48
1186.5155555555552,99.0,0.0,True,10410.0,1,25.68
1195.4377777777775,73.0,0.0,True,8207.0,1,26.12
1198.504444444444,69.0,0.0,True,7511.0,1,26.28
1205.282222222222,61.0,0.0,True,6407.0,1,26.68
1208.504444444444,58.0,0.0,True,6010.0,1,26.88
1215.304444444444,51.0,0.0,True,5129.0,1,27.36
1218.0822222222218,50.0,0.0,False,4903.0,1,27.56
1220.804444444444,49.0,0.0,False,4830.0,1,27.76
1222.893333333333,47.0,0.0,False,4732.0,1,27.92
1226.0266666666662,47.0,2.0,False,4809.0,1,28.16
1230.915555555555,44.0,7.0,False,5295.0,1,28.56
1237.0266666666662,50.0,12.0,False,6074.0,1,29.0
1240.8266666666661,57.0,18.0,False,6609.0,1,29.24
1245.9416666666662,66.0,28.0,False,7199.0,1,29.519
1252.7861111111106,77.0,44.0,False,8930.0,1,29.839
1256.3861111111105,81.0,47.0,False,9483.0,1,29.999
1266.7194444444438,93.0,0.0,True,10061.0,1,30.399
1271.663888888888,89.0,0.0,True,10001.0,1,30.599
1278.2749999999992,85.0,0.0,True,9363.0,1,30.879
1285.3861111111103,80.0,0.0,False,8862.0,1,31.199
1289.7194444444435,78.0,0.0,False,8824.0,1,31.399
1296.652777777777,78.0,7.0,False,8892.0,1,31.719
1303.6969444444435,79.0,16.0,False,9196.0,1,32.04
1313.3636111111102,87.0,34.0,False,10241.0,1,32.44
1317.2747222222215,88.0,41.0,False,10492.0,1,32.6
1327.4747222222215,102.0,54.0,False,11263.0,1,32.96
1333.696944444444,112.0,61.0,False,9873.0,1,33.16
1343.6524999999995,112.0,0.0,True,9279.0,2,33.48
1350.3858333333326,101.0,0.0,True,10679.0,1,33.72
1357.7747222222215,95.0,0.0,True,10499.0,1,34.0
1365.5969444444438,88.0,0.0,True,9655.0,1,34.32
1372.9747222222215,83.0,1.0,False,9275.0,1,34.64
1376.5747222222217,81.0,2.0,False,9098.0,1,34.8
1381.908055555555,80.0,9.0,False,9324.0,1,35.04
1389.108055555555,81.0,23.0,False,9531.0,1,35.36
1396.5747222222217,84.0,37.0,False,10141.0,1,35.68
1401.6858333333328,92.0,44.0,False,10704.0,1,35.88
1407.1030555555549,98.0,51.0,False,11539.0,1,36.079
1419.8808333333327,115.0,61.0,False,10595.0,1,36.479
1425.3474999999994,123.0,63.0,False,11016.0,2,36.639
1431.0363888888883,128.0,78.0,False,11594.0,2,36.799
1438.7586111111107,139.0,94.0,False,11487.0,2,36.999
1450.7363888888885,154.0,100.0,False,11293.0,3,37.279
1459.903055555555,165.0,100.0,False,11760.0,3,37.479
1467.680833333333,175.0,100.0,False,11064.0,3,37.639
1484.480833333333,189.0,100.0,False,11287.0,4,37.959
1493.2363888888885,197.0,100.0,False,11500.0,4,38.119
1511.7830555555552,208.0,100.0,False,10513.0,5,38.44
1523.7274999999997,215.0,100.0,False,10790.0,5,38.64
1536.0052777777778,221.0,100.0,False,11186.0,5,38.84
1556.4497222222224,230.0,100.0,False,11170.0,5,39.16
1566.8497222222222,234.0,100.0,False,10526.0,5,39.32
1585.3608333333334,238.0,100.0,False,10666.0,6,39.6
1598.805277777778,242.0,100.0,False,10848.0,6,39.8
1620.849722222222,248.0,100.0,False,11044.0,6,40.12
1631.9163888888888,249.0,100.0,False,11161.0,6,40.28
1645.916388888889,252.0,100.0,False,11232.0,6,40.48
1660.0275,254.0,100.0,False,11304.0,6,40.68
1682.7830555555554,256.0,100.0,False,11391.0,6,41.0
1697.1163888888889,258.0,100.0,False,10131.0,6,41.2
1708.6274999999998,259.0,100.0,False,10038.0,7,41.36
1731.8274999999999,261.0,100.0,False,9997.0,7,41.68
1746.3275,261.0,100.0,False,10177.0,7,41.88
1769.7052777777778,263.0,100.0,False,10165.0,7,42.2
1781.4830555555554,265.0,100.0,False,10259.0,7,42.36
1805.1274999999998,266.0,100.0,False,10319.0,7,42.68
1816.9641666666664,268.0,100.0,False,10463.0,7,42.839
1837.8863888888886,269.0,100.0,False,10406.0,7,43.119
1858.9641666666664,271.0,100.0,False,10440.0,7,43.399
1874.0752777777777,272.0,100.0,False,10552.0,7,43.599
1901.4752777777776,274.0,100.0,False,10579.0,7,43.959
1913.6086111111106,273.0,74.0,False,10578.0,7,44.119
1931.141944444444,263.0,0.0,True,9981.0,7,44.359
1949.8086111111108,240.0,0.0,True,9922.0,7,44.639
1971.0674999999997,212.0,0.0,True,11547.0,7,45.0
1985.3786111111108,184.0,0.0,True,11615.0,6,45.28
1997.5119444444442,156.0,0.0,True,11177.0,3,45.56
2006.978611111111,142.0,0.0,True,11039.0,3,45.8
2014.1452777777774,129.0,0.0,True,10562.0,2,46.0
2020.7563888888888,119.0,0.0,True,9662.0,2,46.2
2028.9230555555555,105.0,0.0,True,11432.0,2,46.48
2034.3674999999998,98.0,0.0,True,10739.0,1,46.68
2043.1674999999998,88.0,0.0,True,9578.0,1,47.04
2046.9008333333331,84.0,0.0,True,9207.0,1,47.2
2053.5674999999997,75.0,0.0,True,8462.0,1,47.52
2058.4341666666664,73.0,0.0,True,7728.0,1,47.76
2064.3008333333332,66.0,0.0,False,7686.0,1,48.08
2068.7675,67.0,5.0,False,7743.0,1,48.32
2071.7452777777776,67.0,13.0,False,8309.0,1,48.48
2074.900833333333,71.0,26.0,False,8480.0,1,48.64
2081.1230555555553,80.0,41.0,False,9034.0,1,48.92
2086.856388888889,86.0,47.0,False,10117.0,1,49.16
2091.0341666666664,94.0,51.0,False,10696.0,1,49.32
2100.338333333333,105.0,59.0,False,11938.0,1,49.639
2112.1383333333333,118.0,63.0,False,10442.0,2,49.999
2127.027222222222,134.0,73.0,False,11889.0,2,50.399
2136.827222222222,147.0,76.0,False,11448.0,2,50.639
2145.438333333333,155.0,79.0,False,10921.0,3,50.839
2164.882777777778,175.0,91.0,False,11575.0,3,51.239
2175.0494444444444,183.0,100.0,False,10893.0,4,51.439
2185.769444444444,192.0,100.0,False,11479.0,4,51.64
2211.191666666666,208.0,100.0,False,11665.0,4,52.08
2223.0805555555553,214.0,100.0,False,10661.0,5,52.28
2237.947222222222,223.0,100.0,False,11161.0,5,52.52
2255.6027777777776,227.0,0.0,True,11013.0,5,52.8
2267.4361111111107,213.0,0.0,True,10587.0,5,53.0
2280.0361111111106,189.0,0.0,True,11168.0,4,53.24
2291.9027777777774,178.0,0.0,True,10183.0,4,53.48
2304.8138888888884,166.0,0.0,True,9526.0,4,53.76
2313.8138888888884,162.0,0.0,False,9344.0,4,53.96
2320.8361111111103,158.0,5.0,False,9376.0,4,54.12
2327.8583333333327,158.0,12.0,False,9220.0,4,54.28
2341.8138888888884,157.0,44.0,False,9416.0,4,54.6
2354.4138888888883,162.0,51.0,False,9675.0,4,54.88
2365.6805555555547,169.0,73.0,False,9966.0,4,55.12
2377.4138888888883,176.0,84.0,False,10594.0,4,55.36
2385.5916666666662,184.0,88.0,False,10727.0,4,55.52
2393.9472222222216,188.0,91.0,False,11301.0,4,55.68
2409.4249999999993,199.0,100.0,False,11870.0,4,55.96
2437.632777777777,212.0,64.0,False,10676.0,5,56.439
2451.7661111111106,212.0,57.0,False,10718.0,5,56.679
2474.988333333333,209.0,37.0,False,10518.0,5,57.079
2486.599444444444,209.0,44.0,False,10545.0,5,57.279
2502.932777777777,210.0,71.0,False,10660.0,5,57.559
2514.932777777777,216.0,79.0,False,10920.0,5,57.759
2536.89361111111,219.0,75.0,False,11109.0,5,58.12
2561.338055555555,220.0,20.0,True,10995.0,5,58.52
2570.8047222222212,213.0,0.0,True,10403.0,5,58.68
2583.471388888888,190.0,0.0,True,11320.0,5,58.92
2598.4047222222216,168.0,0.0,True,11286.0,4,59.24
2610.3824999999993,154.0,0.0,True,10542.0,3,59.52
2620.0491666666658,145.0,0.0,True,9856.0,3,59.76
2632.49361111111,140.0,0.0,True,9421.0,3,60.08
2642.5269444444434,129.0,0.0,True,10549.0,3,60.36
2649.582499999999,127.0,0.0,True,10679.0,2,60.56
2655.0491666666658,123.0,0.0,True,10679.0,2,60.72
2661.7158333333327,120.0,0.0,False,10146.0,2,60.92
2672.115833333333,117.0,9.0,False,10233.0,2,61.24
2678.5047222222215,115.0,27.0,False,10159.0,2,61.44
2686.5047222222215,120.0,48.0,False,10693.0,2,61.68
2697.8824999999993,128.0,65.0,False,11372.0,2,62.0
2703.8824999999993,135.0,69.0,False,11329.0,2,62.16
2711.8269444444436,143.0,74.0,False,10406.0,2,62.36
2725.6936111111104,156.0,84.0,False,11351.0,3,62.68
2737.026944444444,170.0,100.0,False,10739.0,3,62.92
2753.3313888888883,184.0,97.0,False,11016.0,4,63.239
2790.9758333333325,154.0,0.0,True,11093.0,3,64.119
2798.6980555555547,139.0,0.0,True,11212.0,3,64.319
2805.586944444444,124.0,0.0,True,10866.0,2,64.519
2814.860277777777,104.0,0.0,True,10622.0,2,64.84
2824.415833333332,86.0,0.0,True,9571.0,1,65.24
2828.1491666666657,84.0,0.0,True,9083.0,1,65.4
2832.4824999999987,78.0,0.0,True,8464.0,1,65.6
2835.7269444444432,73.0,0.0,True,7889.0,1,65.76
2839.615833333332,70.0,0.0,True,7421.0,1,65.96
2845.304722222221,64.0,0.0,True,6765.0,1,66.28
2849.3713888888874,61.0,0.0,False,6795.0,1,66.52
2855.5936111111096,56.0,5.0,False,6620.0,1,66.92
2860.838055555554,59.0,10.0,False,6990.0,1,67.24
2865.0380555555544,63.0,18.0,False,7470.0,1,67.48
2870.5602777777767,71.0,35.0,False,8364.0,1,67.76
2880.004722222221,85.0,49.0,False,9916.0,1,68.16
2890.004722222221,100.0,56.0,False,10248.0,1,68.52
2897.1380555555547,107.0,57.0,False,9485.0,2,68.76
2903.0824999999986,107.0,0.0,True,9015.0,2,68.96
2913.5269444444434,94.0,0.0,True,10475.0,1,69.36
2918.4713888888878,89.0,0.0,True,9910.0,1,69.56
2924.1808333333324,86.0,0.0,True,9401.0,1,69.799
2933.836388888888,79.0,2.0,False,8996.0,1,70.239
2939.1030555555544,79.0,14.0,False,9482.0,1,70.479
2948.547499999999,85.0,37.0,False,10340.0,1,70.879
2953.6586111111105,92.0,50.0,False,11068.0,1,71.079
2959.2419444444436,100.0,59.0,False,11726.0,1,71.28
2970.9419444444434,117.0,64.0,False,10476.0,2,71.64
2990.00861111111,143.0,95.0,False,11152.0,2,72.12
3006.00861111111,160.0,100.0,False,11601.0,3,72.48
3015.453055555555,170.0,100.0,False,12104.0,3,72.68
3029.764166666665,184.0,100.0,False,10979.0,4,72.96
3038.2974999999988,192.0,100.0,False,11377.0,4,73.12
3049.40861111111,200.0,100.0,False,11657.0,4,73.32
3058.4752777777767,204.0,100.0,False,10537.0,4,73.48
3085.4863888888876,221.0,100.0,False,11122.0,5,73.92
3100.619722222221,227.0,100.0,False,11448.0,5,74.16
3113.50861111111,232.0,100.0,False,11180.0,5,74.36
3129.241944444443,236.0,100.0,False,10505.0,6,74.6
3148.064166666665,242.0,100.0,False,10836.0,6,74.88
3198.664166666665,253.0,100.0,False,11260.0,6,75.6
3212.830833333332,255.0,100.0,False,11319.0,6,75.8
3235.853055555555,259.0,100.0,False,11474.0,6,76.12
3250.353055555555,261.0,100.0,False,11572.0,6,76.32
